cell,repeat,correct
cell_00,r0,1
cell_00,r0,0
cell_00,r0,1
cell_00,r0,0
cell_00,r0,1
cell_00,r0,1
cell_00,r0,0
cell_00,r0,1
cell_00,r1,0
cell_00,r1,1
cell_00,r1,1
cell_00,r1,1
cell_00,r1,0
cell_00,r1,1
cell_00,r1,1
cell_00,r1,0
cell_00,r2,0
cell_00,r2,0
cell_00,r2,1
cell_00,r2,0
cell_00,r2,1
cell_00,r2,0
cell_00,r2,1
cell_00,r2,1
cell_01,r0,1
cell_01,r0,0
cell_01,r0,1
cell_01,r0,0
cell_01,r0,0
cell_01,r0,0
cell_01,r0,0
cell_01,r0,1
cell_01,r1,1
cell_01,r1,1
cell_01,r1,0
cell_01,r1,0
cell_01,r1,1
cell_01,r1,0
cell_01,r1,0
cell_01,r1,1
cell_01,r2,0
cell_01,r2,0
cell_01,r2,1
cell_01,r2,0
cell_01,r2,0
cell_01,r2,0
cell_01,r2,0
cell_01,r2,1
cell_02,r0,1
cell_02,r0,1
cell_02,r0,0
cell_02,r0,1
cell_02,r0,1
cell_02,r0,1
cell_02,r0,1
cell_02,r0,0
cell_02,r1,1
cell_02,r1,0
cell_02,r1,1
cell_02,r1,0
cell_02,r1,1
cell_02,r1,1
cell_02,r1,1
cell_02,r1,0
cell_02,r2,0
cell_02,r2,1
cell_02,r2,1
cell_02,r2,1
cell_02,r2,0
cell_02,r2,1
cell_02,r2,0
cell_02,r2,0
cell_03,r0,1
cell_03,r0,0
cell_03,r0,1
cell_03,r0,0
cell_03,r0,1
cell_03,r0,1
cell_03,r0,1
cell_03,r0,0
cell_03,r1,1
cell_03,r1,1
cell_03,r1,1
cell_03,r1,0
cell_03,r1,1
cell_03,r1,0
cell_03,r1,0
cell_03,r1,0
cell_03,r2,0
cell_03,r2,0
cell_03,r2,1
cell_03,r2,0
cell_03,r2,1
cell_03,r2,0
cell_03,r2,0
cell_03,r2,1
cell_04,r0,1
cell_04,r0,1
cell_04,r0,0
cell_04,r0,0
cell_04,r0,1
cell_04,r0,1
cell_04,r0,0
cell_04,r0,1
cell_04,r1,0
cell_04,r1,0
cell_04,r1,0
cell_04,r1,0
cell_04,r1,0
cell_04,r1,0
cell_04,r1,1
cell_04,r1,0
cell_04,r2,0
cell_04,r2,0
cell_04,r2,0
cell_04,r2,0
cell_04,r2,0
cell_04,r2,1
cell_04,r2,0
cell_04,r2,1
cell_05,r0,1
cell_05,r0,1
cell_05,r0,0
cell_05,r0,1
cell_05,r0,1
cell_05,r0,1
cell_05,r0,1
cell_05,r0,0
cell_05,r1,1
cell_05,r1,0
cell_05,r1,0
cell_05,r1,1
cell_05,r1,1
cell_05,r1,0
cell_05,r1,0
cell_05,r1,1
cell_05,r2,0
cell_05,r2,0
cell_05,r2,0
cell_05,r2,0
cell_05,r2,1
cell_05,r2,1
cell_05,r2,0
cell_05,r2,1
cell_06,r0,1
cell_06,r0,1
cell_06,r0,0
cell_06,r0,1
cell_06,r0,1
cell_06,r0,1
cell_06,r0,1
cell_06,r0,1
cell_06,r1,0
cell_06,r1,0
cell_06,r1,0
cell_06,r1,1
cell_06,r1,1
cell_06,r1,1
cell_06,r1,0
cell_06,r1,1
cell_06,r2,0
cell_06,r2,1
cell_06,r2,1
cell_06,r2,0
cell_06,r2,0
cell_06,r2,0
cell_06,r2,0
cell_06,r2,0
cell_07,r0,1
cell_07,r0,1
cell_07,r0,1
cell_07,r0,1
cell_07,r0,1
cell_07,r0,1
cell_07,r0,1
cell_07,r0,0
cell_07,r1,0
cell_07,r1,1
cell_07,r1,0
cell_07,r1,0
cell_07,r1,0
cell_07,r1,1
cell_07,r1,1
cell_07,r1,1
cell_07,r2,1
cell_07,r2,1
cell_07,r2,0
cell_07,r2,0
cell_07,r2,0
cell_07,r2,1
cell_07,r2,0
cell_07,r2,0
cell_08,r0,0
cell_08,r0,0
cell_08,r0,0
cell_08,r0,0
cell_08,r0,0
cell_08,r0,1
cell_08,r0,0
cell_08,r0,1
cell_08,r1,0
cell_08,r1,0
cell_08,r1,0
cell_08,r1,0
cell_08,r1,0
cell_08,r1,0
cell_08,r1,1
cell_08,r1,1
cell_08,r2,1
cell_08,r2,0
cell_08,r2,0
cell_08,r2,1
cell_08,r2,0
cell_08,r2,0
cell_08,r2,0
cell_08,r2,0
cell_09,r0,1
cell_09,r0,1
cell_09,r0,0
cell_09,r0,0
cell_09,r0,0
cell_09,r0,0
cell_09,r0,1
cell_09,r0,0
cell_09,r1,0
cell_09,r1,1
cell_09,r1,1
cell_09,r1,1
cell_09,r1,1
cell_09,r1,0
cell_09,r1,1
cell_09,r1,1
cell_09,r2,1
cell_09,r2,0
cell_09,r2,1
cell_09,r2,1
cell_09,r2,0
cell_09,r2,0
cell_09,r2,1
cell_09,r2,0
cell_10,r0,0
cell_10,r0,0
cell_10,r0,1
cell_10,r0,1
cell_10,r0,1
cell_10,r0,1
cell_10,r0,0
cell_10,r0,1
cell_10,r1,1
cell_10,r1,0
cell_10,r1,0
cell_10,r1,1
cell_10,r1,0
cell_10,r1,0
cell_10,r1,0
cell_10,r1,1
cell_10,r2,0
cell_10,r2,1
cell_10,r2,1
cell_10,r2,0
cell_10,r2,0
cell_10,r2,0
cell_10,r2,0
cell_10,r2,0
cell_11,r0,0
cell_11,r0,0
cell_11,r0,0
cell_11,r0,0
cell_11,r0,1
cell_11,r0,0
cell_11,r0,0
cell_11,r0,0
cell_11,r1,0
cell_11,r1,0
cell_11,r1,0
cell_11,r1,1
cell_11,r1,0
cell_11,r1,0
cell_11,r1,0
cell_11,r1,1
cell_11,r2,1
cell_11,r2,1
cell_11,r2,1
cell_11,r2,1
cell_11,r2,1
cell_11,r2,0
cell_11,r2,0
cell_11,r2,0
cell_12,r0,0
cell_12,r0,0
cell_12,r0,1
cell_12,r0,0
cell_12,r0,0
cell_12,r0,1
cell_12,r0,0
cell_12,r0,0
cell_12,r1,0
cell_12,r1,0
cell_12,r1,0
cell_12,r1,1
cell_12,r1,0
cell_12,r1,0
cell_12,r1,1
cell_12,r1,1
cell_12,r2,1
cell_12,r2,0
cell_12,r2,1
cell_12,r2,0
cell_12,r2,0
cell_12,r2,1
cell_12,r2,1
cell_12,r2,0
cell_13,r0,1
cell_13,r0,0
cell_13,r0,0
cell_13,r0,0
cell_13,r0,1
cell_13,r0,1
cell_13,r0,1
cell_13,r0,0
cell_13,r1,1
cell_13,r1,1
cell_13,r1,1
cell_13,r1,0
cell_13,r1,0
cell_13,r1,1
cell_13,r1,1
cell_13,r1,0
cell_13,r2,0
cell_13,r2,0
cell_13,r2,1
cell_13,r2,1
cell_13,r2,0
cell_13,r2,1
cell_13,r2,1
cell_13,r2,0
cell_14,r0,0
cell_14,r0,1
cell_14,r0,0
cell_14,r0,1
cell_14,r0,0
cell_14,r0,1
cell_14,r0,1
cell_14,r0,1
cell_14,r1,0
cell_14,r1,1
cell_14,r1,1
cell_14,r1,1
cell_14,r1,1
cell_14,r1,1
cell_14,r1,1
cell_14,r1,1
cell_14,r2,1
cell_14,r2,1
cell_14,r2,1
cell_14,r2,0
cell_14,r2,1
cell_14,r2,1
cell_14,r2,1
cell_14,r2,1
cell_15,r0,1
cell_15,r0,1
cell_15,r0,0
cell_15,r0,0
cell_15,r0,1
cell_15,r0,0
cell_15,r0,0
cell_15,r0,1
cell_15,r1,0
cell_15,r1,0
cell_15,r1,0
cell_15,r1,0
cell_15,r1,0
cell_15,r1,0
cell_15,r1,0
cell_15,r1,0
cell_15,r2,0
cell_15,r2,0
cell_15,r2,0
cell_15,r2,0
cell_15,r2,0
cell_15,r2,0
cell_15,r2,1
cell_15,r2,1
cell_16,r0,0
cell_16,r0,1
cell_16,r0,1
cell_16,r0,1
cell_16,r0,0
cell_16,r0,0
cell_16,r0,0
cell_16,r0,1
cell_16,r1,1
cell_16,r1,1
cell_16,r1,0
cell_16,r1,1
cell_16,r1,0
cell_16,r1,1
cell_16,r1,0
cell_16,r1,0
cell_16,r2,0
cell_16,r2,1
cell_16,r2,0
cell_16,r2,1
cell_16,r2,0
cell_16,r2,1
cell_16,r2,0
cell_16,r2,0
cell_17,r0,1
cell_17,r0,0
cell_17,r0,1
cell_17,r0,1
cell_17,r0,1
cell_17,r0,1
cell_17,r0,1
cell_17,r0,1
cell_17,r1,1
cell_17,r1,1
cell_17,r1,0
cell_17,r1,0
cell_17,r1,0
cell_17,r1,0
cell_17,r1,0
cell_17,r1,0
cell_17,r2,1
cell_17,r2,1
cell_17,r2,0
cell_17,r2,1
cell_17,r2,0
cell_17,r2,0
cell_17,r2,1
cell_17,r2,0
cell_18,r0,1
cell_18,r0,0
cell_18,r0,0
cell_18,r0,1
cell_18,r0,1
cell_18,r0,1
cell_18,r0,0
cell_18,r0,0
cell_18,r1,0
cell_18,r1,1
cell_18,r1,0
cell_18,r1,0
cell_18,r1,0
cell_18,r1,1
cell_18,r1,1
cell_18,r1,1
cell_18,r2,1
cell_18,r2,1
cell_18,r2,0
cell_18,r2,1
cell_18,r2,1
cell_18,r2,1
cell_18,r2,0
cell_18,r2,1
cell_19,r0,0
cell_19,r0,0
cell_19,r0,0
cell_19,r0,0
cell_19,r0,0
cell_19,r0,1
cell_19,r0,0
cell_19,r0,1
cell_19,r1,1
cell_19,r1,1
cell_19,r1,0
cell_19,r1,1
cell_19,r1,0
cell_19,r1,0
cell_19,r1,0
cell_19,r1,0
cell_19,r2,0
cell_19,r2,0
cell_19,r2,0
cell_19,r2,0
cell_19,r2,0
cell_19,r2,1
cell_19,r2,1
cell_19,r2,1
